<?xml version="1.0" encoding="UTF-8"?>
<project-private xmlns="http://www.netbeans.org/ns/project-private/1">
    <editor-bookmarks xmlns="http://www.netbeans.org/ns/editor-bookmarks/2" lastBookmarkId="0"/>
    <open-files xmlns="http://www.netbeans.org/ns/projectui-open-files/2">
        <group>
            <file>file:/C:/Users/daven/MPLABXProjects/traffic1.X/newmain.c</file>
            <file>file:/E:/GIANT/CSE/YEAR%204/Embedded/assign/TrafficAssembly-master/newAsmTemplate.asm</file>
            <file>file:/C:/Users/daven/MPLABXProjects/traffic1.X/TRAFF.asm</file>
        </group>
    </open-files>
</project-private>
